Type,Market,Indicator / combination,TF,Days covered,Trades,Win trades,Loss trades,Win %,Loss %,Total win ₹,Total loss ₹,Net ₹,Win ₹ / day,Loss ₹ / day,Net ₹ / day,Win trades / day,Loss trades / day,Profitable cells
"Combined","Futures","Supertrend +ADX20","60m","43","18","10","8","55.6","44.4","26213","14258","11955","610","332","278","0.23","0.19","3/3"
"Combined","Futures","FIB +ST filter","15m","12","32","19","13","59.4","40.6","44988","35747","9241","3749","2979","770","1.58","1.08","2/3"
"Combined","Futures","SMA50/200 +ST +ADX20","30m","24","5","2","3","40.0","60.0","2964","2625","339","124","109","14","0.08","0.13","2/3"
"Combined","Futures","SMA50/200 +ST +ADX20","15m","12","15","4","11","26.7","73.3","23426","25286","-1859","1952","2107","-155","0.33","0.92","1/3"
"Combined","Futures","Sweep +ST filter","30m","24","10","6","4","60.0","40.0","6888","8901","-2013","287","371","-84","0.25","0.17","2/3"
"Combined","Futures","Wick +ST filter","30m","24","13","9","4","69.2","30.8","8362","10503","-2142","348","438","-89","0.38","0.17","1/3"
"Combined","Futures","Sweep +ST filter","60m","43","9","5","4","55.6","44.4","4260","6793","-2533","99","158","-59","0.12","0.09","1/3"
"Combined","Futures","SMA50/200 +ST +ADX20","60m","43","7","4","3","57.1","42.9","9423","12332","-2909","219","287","-68","0.09","0.07","1/3"
"Combined","Futures","Sweep +ADX20","60m","43","19","7","12","36.8","63.2","26796","29831","-3035","623","694","-71","0.16","0.28","1/3"
"Combined","Futures","Wick +ST filter","60m","43","10","4","6","40.0","60.0","2217","8633","-6415","52","201","-149","0.09","0.14","0/3"
"Combined","Futures","EMA touch +ST filter","60m","43","17","3","14","17.6","82.4","17448","23968","-6520","406","557","-152","0.07","0.33","1/3"
"Combined","Futures","Supertrend + EMA touch","60m","43","47","19","28","40.4","59.6","50363","64902","-14539","1171","1509","-338","0.44","0.65","1/3"
"Combined","Futures","Sweep +VWAP side","60m","43","23","8","15","34.8","65.2","32861","50108","-17247","764","1165","-401","0.19","0.35","1/3"
"Combined","Futures","Wick +ST filter","15m","12","41","16","25","39.0","61.0","10408","29805","-19397","867","2484","-1616","1.33","2.08","0/3"
"Combined","Futures","FIB +ST filter","30m","24","19","8","11","42.1","57.9","15723","35962","-20239","655","1498","-843","0.33","0.46","1/3"
"Combined","Futures","Supertrend +ADX20","15m","12","57","29","28","50.9","49.1","88512","109694","-21182","7376","9141","-1765","2.42","2.33","2/3"
"Combined","Futures","Sweep +ST filter","15m","12","30","11","19","36.7","63.3","10278","34645","-24368","856","2887","-2031","0.92","1.58","1/3"
"Combined","Futures","EMA touch +ST filter","30m","24","34","14","20","41.2","58.8","15473","40634","-25161","645","1693","-1048","0.58","0.83","1/3"
"Combined","Futures","FIB +ST filter","60m","43","16","6","10","37.5","62.5","5774","36627","-30853","134","852","-718","0.14","0.23","1/3"
"Combined","Futures","Sweep + EMA touch","60m","43","59","18","41","30.5","69.5","55741","86928","-31187","1296","2022","-725","0.42","0.95","0/3"
"Combined","Futures","Sweep +VWAP side","30m","24","34","13","21","38.2","61.8","22895","54456","-31561","954","2269","-1315","0.54","0.88","0/3"
"Combined","Futures","Supertrend +ADX20","30m","24","38","20","18","52.6","47.4","53664","85517","-31853","2236","3563","-1327","0.83","0.75","1/3"
"Combined","Futures","Sweep +VWAP side","15m","12","41","14","27","34.1","65.9","30935","63281","-32345","2578","5273","-2695","1.17","2.25","0/3"
"Combined","Futures","EMA touch +ST filter","15m","12","62","20","42","32.3","67.7","17575","53533","-35958","1465","4461","-2996","1.67","3.50","0/3"
"Combined","Futures","Sweep + Wick","60m","43","85","28","57","32.9","67.1","74047","117850","-43802","1722","2741","-1019","0.65","1.33","0/3"
"Combined","Futures","Sweep +ADX20","15m","12","93","38","55","40.9","59.1","42798","86844","-44046","3567","7237","-3670","3.17","4.58","0/3"
"Combined","Futures","Supertrend + EMA touch","15m","12","163","67","96","41.1","58.9","130501","178375","-47873","10875","14865","-3989","5.58","8.00","1/3"
"Combined","Futures","Sweep +ADX20","30m","24","47","15","32","31.9","68.1","17189","66899","-49710","716","2787","-2071","0.63","1.33","0/3"
"Combined","Futures","All keepers","60m","43","133","46","87","34.6","65.4","107849","175115","-67266","2508","4072","-1564","1.07","2.02","0/3"
"Combined","Futures","Sweep + EMA touch","30m","24","127","54","73","42.5","57.5","52092","132606","-80513","2171","5525","-3355","2.25","3.04","1/3"
"Combined","Futures","Sweep + EMA touch","15m","12","215","82","133","38.1","61.9","78516","166363","-87847","6543","13864","-7321","6.83","11.08","0/3"
"Combined","Futures","Supertrend + EMA touch","30m","24","101","46","55","45.5","54.5","75443","163974","-88532","3143","6832","-3689","1.92","2.29","1/3"
"Combined","Futures","Sweep + Wick","30m","24","140","54","86","38.6","61.4","61334","156613","-95279","2556","6526","-3970","2.25","3.58","1/3"
"Combined","Futures","All keepers","15m","12","452","166","286","36.7","63.3","218173","343105","-124932","18181","28592","-10411","13.83","23.83","0/3"
"Combined","Futures","Sweep + Wick","15m","12","300","108","192","36.0","64.0","126933","257709","-130777","10578","21476","-10898","9.00","16.00","0/3"
"Combined","Futures","All keepers","30m","24","234","93","141","39.7","60.3","115871","264152","-148281","4828","11006","-6178","3.88","5.88","1/3"
"Combined","Options","Supertrend + EMA touch","60m","50","46","25","21","54.3","45.7","75433","42372","33061","1509","847","661","0.50","0.42","6/8"
"Combined","Options","Sweep + EMA touch","60m","50","46","30","16","65.2","34.8","53768","31027","22740","1075","621","455","0.60","0.32","7/8"
"Combined","Options","All keepers","15m","14","382","164","218","42.9","57.1","236574","215667","20907","16898","15405","1493","11.71","15.57","6/8"
"Combined","Options","Supertrend +ADX20","30m","33","36","17","19","47.2","52.8","62114","45272","16842","1882","1372","510","0.52","0.58","5/8"
"Combined","Options","All keepers","60m","50","136","65","71","47.8","52.2","121096","108448","12648","2422","2169","253","1.30","1.42","7/8"
"Combined","Options","Sweep +VWAP side","30m","33","29","15","14","51.7","48.3","35076","24473","10603","1063","742","321","0.45","0.42","5/8"
"Combined","Options","SMA50/200 +ST +ADX20","15m","14","11","7","4","63.6","36.4","13777","3772","10005","984","269","715","0.50","0.29","4/8"
"Combined","Options","All keepers","30m","33","235","102","133","43.4","56.6","182013","172164","9849","5516","5217","298","3.09","4.03","4/8"
"Combined","Options","Sweep + Wick","30m","33","152","66","86","43.4","56.6","100644","92160","8484","3050","2793","257","2.00","2.61","5/8"
"Combined","Options","Sweep +ADX20","60m","50","18","12","6","66.7","33.3","18268","10217","8051","365","204","161","0.24","0.12","5/8"
"Combined","Options","EMA touch +ST filter","15m","14","22","14","8","63.6","36.4","13730","5794","7936","981","414","567","1.00","0.57","6/8"
"Combined","Options","FIB +ST filter","60m","50","13","5","8","38.5","61.5","17782","10742","7040","356","215","141","0.10","0.16","3/8"
"Combined","Options","EMA touch +ST filter","60m","50","9","5","4","55.6","44.4","13860","7962","5897","277","159","118","0.10","0.08","2/8"
"Combined","Options","Supertrend +ADX20","60m","50","19","11","8","57.9","42.1","22534","16665","5869","451","333","117","0.22","0.16","6/8"
"Combined","Options","Sweep + EMA touch","30m","33","85","41","44","48.2","51.8","63012","57893","5119","1909","1754","155","1.24","1.33","5/8"
"Combined","Options","Sweep +ADX20","30m","33","38","19","19","50.0","50.0","31107","26870","4238","943","814","128","0.58","0.58","4/8"
"Combined","Options","Wick +ST filter","15m","14","23","12","11","52.2","47.8","11510","7869","3641","822","562","260","0.86","0.79","2/8"
"Combined","Options","Sweep +ST filter","60m","50","3","3","0","100.0","0.0","3483","0","3483","70","0","70","0.06","0.00","3/8"
"Combined","Options","Sweep +ST filter","15m","14","18","10","8","55.6","44.4","15995","13013","2982","1143","929","213","0.71","0.57","3/8"
"Combined","Options","Sweep +VWAP side","60m","50","23","13","10","56.5","43.5","23933","22274","1659","479","445","33","0.26","0.20","6/8"
"Combined","Options","SMA50/200 +ST +ADX20","30m","33","4","2","2","50.0","50.0","3660","2676","984","111","81","30","0.06","0.06","2/8"
"Combined","Options","SMA50/200 +ST +ADX20","60m","50","2","2","0","100.0","0.0","590","0","590","12","0","12","0.04","0.00","2/8"
"Combined","Options","Sweep + Wick","60m","50","89","42","47","47.2","52.8","64803","66332","-1529","1296","1327","-31","0.84","0.94","5/8"
"Combined","Options","Wick +ST filter","60m","50","4","1","3","25.0","75.0","481","2504","-2023","10","50","-40","0.02","0.06","1/8"
"Combined","Options","Sweep +ADX20","15m","14","62","29","33","46.8","53.2","36822","39538","-2716","2630","2824","-194","2.07","2.36","4/8"
"Combined","Options","Supertrend + EMA touch","30m","33","91","37","54","40.7","59.3","101219","103970","-2752","3067","3151","-83","1.12","1.64","4/8"
"Combined","Options","EMA touch +ST filter","30m","33","20","8","12","40.0","60.0","10837","13760","-2923","328","417","-89","0.24","0.36","3/8"
"Combined","Options","Supertrend +ADX20","15m","14","85","43","42","50.6","49.4","113829","116938","-3109","8131","8353","-222","3.07","3.00","4/8"
"Combined","Options","Sweep +VWAP side","15m","14","32","14","18","43.8","56.3","31365","36345","-4981","2240","2596","-356","1.00","1.29","4/8"
"Combined","Options","Sweep +ST filter","30m","33","18","7","11","38.9","61.1","12892","19898","-7006","391","603","-212","0.21","0.33","2/8"
"Combined","Options","Wick +ST filter","30m","33","10","3","7","30.0","70.0","1146","9229","-8084","35","280","-245","0.09","0.21","1/8"
"Combined","Options","Sweep + EMA touch","15m","14","124","56","68","45.2","54.8","65109","73340","-8230","4651","5239","-588","4.00","4.86","3/8"
"Combined","Options","Sweep + Wick","15m","14","241","87","154","36.1","63.9","121248","130473","-9225","8661","9319","-659","6.21","11.00","5/8"
"Combined","Options","FIB +ST filter","15m","14","37","17","20","45.9","54.1","24822","38978","-14156","1773","2784","-1011","1.21","1.43","1/8"
"Combined","Options","FIB +ST filter","30m","33","18","6","12","33.3","66.7","16962","35400","-18438","514","1073","-559","0.18","0.36","1/8"
"Combined","Options","Supertrend + EMA touch","15m","14","167","73","94","43.7","56.3","150162","191914","-41752","10726","13708","-2982","5.21","6.71","3/8"
"Single","Futures","Supertrend","60m","43","28","16","12","57.1","42.9","40754","32990","7765","948","767","181","0.37","0.28","2/3"
"Single","Futures","FIB","15m","12","77","39","38","50.6","49.4","74220","69208","5012","6185","5767","418","3.25","3.17","2/3"
"Single","Futures","SMA 50/200","30m","24","5","2","3","40.0","60.0","2964","2625","339","124","109","14","0.08","0.13","2/3"
"Single","Futures","SMA 50/200","60m","43","8","4","4","50.0","50.0","9423","12413","-2990","219","289","-70","0.09","0.09","1/3"
"Single","Futures","Supertrend","15m","12","93","46","47","49.5","50.5","132311","135415","-3104","11026","11285","-259","3.83","3.92","2/3"
"Single","Futures","SMA 50/200","15m","12","21","8","13","38.1","61.9","25560","33531","-7970","2130","2794","-664","0.67","1.08","0/3"
"Single","Futures","EMA touch","60m","43","21","4","17","19.0","81.0","17706","32280","-14574","412","751","-339","0.09","0.40","0/3"
"Single","Futures","Sweep","60m","43","38","14","24","36.8","63.2","38035","54648","-16612","885","1271","-386","0.33","0.56","1/3"
"Single","Futures","VWAP","60m","43","96","49","47","51.0","49.0","30065","49876","-19811","699","1160","-461","1.14","1.09","1/3"
"Single","Futures","SMA 9/21","30m","24","54","24","30","44.4","55.6","43377","67017","-23640","1807","2792","-985","1.00","1.25","1/3"
"Single","Futures","Wick","60m","43","56","17","39","30.4","69.6","45024","71217","-26193","1047","1656","-609","0.40","0.91","0/3"
"Single","Futures","Donchian","60m","43","54","25","29","46.3","53.7","50888","81487","-30600","1183","1895","-712","0.58","0.67","1/3"
"Single","Futures","Supertrend","30m","24","52","29","23","55.8","44.2","72606","105680","-33074","3025","4403","-1378","1.21","0.96","1/3"
"Single","Futures","FIB","30m","24","49","20","29","40.8","59.2","33639","70271","-36632","1402","2928","-1526","0.83","1.21","1/3"
"Single","Futures","Donchian","30m","24","86","45","41","52.3","47.7","88176","125315","-37139","3674","5221","-1547","1.88","1.71","2/3"
"Single","Futures","EMA touch","30m","24","63","30","33","47.6","52.4","23498","61202","-37704","979","2550","-1571","1.25","1.38","1/3"
"Single","Futures","SMA 9/21","60m","43","28","8","20","28.6","71.4","11107","51694","-40587","258","1202","-944","0.19","0.47","1/3"
"Single","Futures","Supertrend","5m","4","165","71","94","43.0","57.0","189760","241431","-51671","47440","60358","-12918","17.75","23.50","1/3"
"Single","Futures","SMA 50/200","1m","1","52","15","37","28.8","71.2","20302","72301","-51999","20302","72301","-51999","15.00","37.00","1/3"
"Single","Futures","Sweep","30m","24","71","27","44","38.0","62.0","30175","84246","-54071","1257","3510","-2253","1.13","1.83","0/3"
"Single","Futures","SMA 50/200","5m","4","45","14","31","31.1","68.9","41588","96184","-54597","10397","24046","-13649","3.50","7.75","0/3"
"Single","Futures","Sweep","15m","12","131","57","74","43.5","56.5","60361","115385","-55024","5030","9615","-4585","4.75","6.17","1/3"
"Single","Futures","EMA touch","15m","12","106","37","69","34.9","65.1","26019","83946","-57927","2168","6996","-4827","3.08","5.75","0/3"
"Single","Futures","Wick","30m","24","87","33","54","37.9","62.1","37310","96237","-58927","1555","4010","-2455","1.38","2.25","1/3"
"Single","Futures","SMA 9/21","5m","4","183","78","105","42.6","57.4","125102","193679","-68576","31276","48420","-17144","19.50","26.25","1/3"
"Single","Futures","FIB","60m","43","31","11","20","35.5","64.5","16683","85308","-68626","388","1984","-1596","0.26","0.47","1/3"
"Single","Futures","Donchian","15m","12","139","59","80","42.4","57.6","132134","201341","-69207","11011","16778","-5767","4.92","6.67","1/3"
"Single","Futures","SMA 9/21","15m","12","106","44","62","41.5","58.5","68827","138752","-69925","5736","11563","-5827","3.67","5.17","1/3"
"Single","Futures","VWAP","30m","24","168","68","100","40.5","59.5","48889","129937","-81047","2037","5414","-3377","2.83","4.17","0/3"
"Single","Futures","Wick","15m","12","199","62","137","31.2","68.8","83060","168733","-85673","6922","14061","-7139","5.17","11.42","0/3"
"Single","Futures","FVG","60m","43","117","39","78","33.3","66.7","98585","186091","-87506","2293","4328","-2035","0.91","1.81","0/3"
"Single","Futures","FIB","5m","4","181","66","115","36.5","63.5","93010","190105","-97095","23252","47526","-24274","16.50","28.75","0/3"
"Single","Futures","VWAP","1m","1","167","32","135","19.2","80.8","23553","121271","-97718","23553","121271","-97718","32.00","135.00","0/3"
"Single","Futures","FVG","30m","24","178","71","107","39.9","60.1","159038","272562","-113524","6627","11357","-4730","2.96","4.46","0/3"
"Single","Futures","VWAP","15m","12","248","88","160","35.5","64.5","52842","175922","-123080","4404","14660","-10257","7.33","13.33","0/3"
"Single","Futures","EMA touch","5m","4","231","79","152","34.2","65.8","62496","196931","-134435","15624","49233","-33609","19.75","38.00","0/3"
"Single","Futures","Donchian","5m","4","275","106","169","38.5","61.5","222925","360430","-137505","55731","90107","-34376","26.50","42.25","1/3"
"Single","Futures","SMA 9/21","1m","1","294","81","213","27.6","72.4","29979","170564","-140585","29979","170564","-140585","81.00","213.00","0/3"
"Single","Futures","Supertrend","1m","1","276","75","201","27.2","72.8","82124","231167","-149043","82124","231167","-149043","75.00","201.00","0/3"
"Single","Futures","FIB","1m","1","265","62","203","23.4","76.6","37460","186998","-149538","37460","186998","-149538","62.00","203.00","0/3"
"Single","Futures","Donchian","1m","1","359","114","245","31.8","68.2","91608","266893","-175284","91608","266893","-175284","114.00","245.00","0/3"
"Single","Futures","EMA touch","1m","1","342","89","253","26.0","74.0","16391","202584","-186193","16391","202584","-186193","89.00","253.00","0/3"
"Single","Futures","VWAP","5m","4","317","82","235","25.9","74.1","77510","279543","-202033","19378","69886","-50508","20.50","58.75","0/3"
"Single","Futures","FVG","15m","12","267","89","178","33.3","66.7","173524","378330","-204807","14460","31528","-17067","7.42","14.83","1/3"
"Single","Futures","Sweep","5m","4","397","148","249","37.3","62.7","110143","345054","-234910","27536","86263","-58728","37.00","62.25","0/3"
"Single","Futures","FVG","5m","4","511","174","337","34.1","65.9","238890","477237","-238347","59722","119309","-59587","43.50","84.25","0/3"
"Single","Futures","FVG","1m","1","663","187","476","28.2","71.8","60104","310724","-250620","60104","310724","-250620","187.00","476.00","0/3"
"Single","Futures","Wick","5m","4","448","139","309","31.0","69.0","116692","372330","-255638","29173","93083","-63909","34.75","77.25","0/3"
"Single","Futures","Sweep","1m","1","488","115","373","23.6","76.4","26966","301160","-274194","26966","301160","-274194","115.00","373.00","0/3"
"Single","Futures","Wick","1m","1","615","128","487","20.8","79.2","22631","325363","-302733","22631","325363","-302733","128.00","487.00","0/3"
"Single","Options","Supertrend","60m","53","39","21","18","53.8","46.2","64563","34975","29588","1218","660","558","0.40","0.34","4/8"
"Single","Options","SMA 9/21","5m","6","179","76","103","42.5","57.5","142498","123160","19338","23750","20527","3223","12.67","17.17","5/8"
"Single","Options","Sweep","60m","53","36","24","12","66.7","33.3","36575","23065","13510","690","435","255","0.45","0.23","7/8"
"Single","Options","SMA 50/200","1m","2","99","44","55","44.4","55.6","79130","67838","11293","39565","33919","5646","22.00","27.50","5/8"
"Single","Options","EMA touch","60m","53","10","6","4","60.0","40.0","17373","7962","9410","328","150","178","0.11","0.08","3/8"
"Single","Options","EMA touch","15m","17","42","23","19","54.8","45.2","28593","20037","8555","1682","1179","503","1.35","1.12","6/8"
"Single","Options","Sweep","30m","33","59","30","29","50.8","49.2","46801","38597","8204","1418","1170","249","0.91","0.88","4/8"
"Single","Options","SMA 50/200","15m","17","16","9","7","56.3","43.8","15496","7703","7792","912","453","458","0.53","0.41","4/8"
"Single","Options","Wick","30m","33","108","45","63","41.7","58.3","67221","59443","7778","2037","1801","236","1.36","1.91","5/8"
"Single","Options","SMA 50/200","60m","53","5","3","2","60.0","40.0","5503","2554","2949","104","48","56","0.06","0.04","3/8"
"Single","Options","Wick","15m","17","174","57","117","32.8","67.2","85695","83213","2482","5041","4895","146","3.35","6.88","5/8"
"Single","Options","Supertrend","30m","33","66","29","37","43.9","56.1","95812","93806","2006","2903","2843","61","0.88","1.12","5/8"
"Single","Options","SMA 50/200","30m","33","5","2","3","40.0","60.0","3660","3203","457","111","97","14","0.06","0.09","2/8"
"Single","Options","SMA 9/21","30m","33","29","12","17","41.4","58.6","26431","28640","-2209","801","868","-67","0.36","0.52","4/8"
"Single","Options","EMA touch","5m","6","110","44","66","40.0","60.0","42458","44775","-2317","7076","7462","-386","7.33","11.00","3/8"
"Single","Options","FVG","60m","53","65","33","32","50.8","49.2","74142","77963","-3821","1399","1471","-72","0.62","0.60","4/8"
"Single","Options","Wick","60m","53","64","26","38","40.6","59.4","43380","48534","-5153","818","916","-97","0.49","0.72","4/8"
"Single","Options","EMA touch","30m","33","29","12","17","41.4","58.6","17584","22809","-5226","533","691","-158","0.36","0.52","3/8"
"Single","Options","Wick","5m","6","363","125","238","34.4","65.6","114083","121352","-7270","19014","20225","-1212","20.83","39.67","4/8"
"Single","Options","Sweep","5m","6","215","84","131","39.1","60.9","76895","86529","-9634","12816","14421","-1606","14.00","21.83","2/8"
"Single","Options","FIB","60m","53","24","9","15","37.5","62.5","23686","33780","-10094","447","637","-190","0.17","0.28","3/8"
"Single","Options","Donchian","30m","33","78","35","43","44.9","55.1","85542","96854","-11312","2592","2935","-343","1.06","1.30","2/8"
"Single","Options","FIB","30m","33","28","10","18","35.7","64.3","32533","43864","-11332","986","1329","-343","0.30","0.55","2/8"
"Single","Options","Wick","1m","2","564","192","372","34.0","66.0","88929","100269","-11341","44464","50135","-5670","96.00","186.00","5/8"
"Single","Options","Sweep","1m","2","413","167","246","40.4","59.6","76970","88481","-11512","38485","44241","-5756","83.50","123.00","2/8"
"Single","Options","SMA 9/21","60m","53","18","7","11","38.9","61.1","6494","18301","-11807","123","345","-223","0.13","0.21","2/8"
"Single","Options","EMA touch","1m","2","220","91","129","41.4","58.6","34097","46134","-12037","17048","23067","-6019","45.50","64.50","1/8"
"Single","Options","Donchian","15m","17","135","62","73","45.9","54.1","148226","163762","-15535","8719","9633","-914","3.65","4.29","4/8"
"Single","Options","VWAP","1m","2","286","97","189","33.9","66.1","101484","117063","-15579","50742","58532","-7789","48.50","94.50","2/8"
"Single","Options","SMA 50/200","5m","6","36","11","25","30.6","69.4","22734","39355","-16621","3789","6559","-2770","1.83","4.17","1/8"
"Single","Options","Sweep","15m","17","93","40","53","43.0","57.0","44558","61982","-17424","2621","3646","-1025","2.35","3.12","3/8"
"Single","Options","Donchian","60m","53","47","17","30","36.2","63.8","45605","66241","-20636","860","1250","-389","0.32","0.57","2/8"
"Single","Options","SMA 9/21","15m","17","77","35","42","45.5","54.5","45871","69455","-23584","2698","4086","-1387","2.06","2.47","3/8"
"Single","Options","FIB","5m","6","145","55","90","37.9","62.1","73526","97180","-23654","12254","16197","-3942","9.17","15.00","2/8"
"Single","Options","VWAP","60m","53","114","58","56","50.9","49.1","37422","63078","-25656","706","1190","-484","1.09","1.06","1/8"
"Single","Options","FVG","30m","33","119","50","69","42.0","58.0","97507","124497","-26990","2955","3773","-818","1.52","2.09","3/8"
"Single","Options","VWAP","15m","17","241","99","142","41.1","58.9","80875","108157","-27282","4757","6362","-1605","5.82","8.35","1/8"
"Single","Options","FIB","15m","17","66","25","41","37.9","62.1","41379","70956","-29576","2434","4174","-1740","1.47","2.41","3/8"
"Single","Options","VWAP","30m","33","178","81","97","45.5","54.5","58762","90112","-31350","1781","2731","-950","2.45","2.94","1/8"
"Single","Options","FVG","1m","2","1145","433","712","37.8","62.2","261241","292850","-31609","130621","146425","-15805","216.50","356.00","2/8"
"Single","Options","VWAP","5m","6","321","121","200","37.7","62.3","105297","140111","-34814","17549","23352","-5802","20.17","33.33","3/8"
"Single","Options","Supertrend","15m","17","136","59","77","43.4","56.6","151863","187837","-35974","8933","11049","-2116","3.47","4.53","3/8"
"Single","Options","FIB","1m","2","310","119","191","38.4","61.6","84078","126136","-42058","42039","63068","-21029","59.50","95.50","1/8"
"Single","Options","FVG","15m","17","216","75","141","34.7","65.3","122881","169560","-46679","7228","9974","-2746","4.41","8.29","3/8"
"Single","Options","SMA 9/21","1m","2","474","171","303","36.1","63.9","147544","199439","-51895","73772","99719","-25948","85.50","151.50","1/8"
"Single","Options","Donchian","1m","2","531","191","340","36.0","64.0","215666","267907","-52242","107833","133954","-26121","95.50","170.00","1/8"
"Single","Options","Donchian","5m","6","298","121","177","40.6","59.4","235905","291557","-55652","39318","48593","-9275","20.17","29.50","3/8"
"Single","Options","Supertrend","5m","6","336","124","212","36.9","63.1","220802","284236","-63434","36800","47373","-10572","20.67","35.33","0/8"
"Single","Options","Supertrend","1m","2","978","345","633","35.3","64.7","354870","429125","-74255","177435","214563","-37128","172.50","316.50","1/8"
"Single","Options","FVG","5m","6","518","192","326","37.1","62.9","174904","264365","-89461","29151","44061","-14910","32.00","54.33","2/8"